"撩滌","翱滄啗類滌",2017.01,2017.02,2017.03,2017.04,2017.05,2017.06,2017.07,2017.08,2017.09,2017.10,2017.11,2017.12,2018.01,2018.02,2018.03,2018.04,2018.05,2018.06,2018.07,2018.08,2018.09,2018.10,2018.11,2018.12,2019.01,2019.02,2019.03,2019.04,2019.05,2019.06,2019.07,2019.08,2019.09,2019.10,2019.11,2019.12,2020.01,2020.02,2020.03,2020.04,2020.05,2020.06,2020.07,2020.08,2020.09,2020.10,2020.11,2020.12,2021.01,2021.02,2021.03,2021.04,2021.05,2021.06,2021.07,2021.08,2021.09,2021.10,2021.11,2021.12,2022.01,2022.02,2022.03,2022.04,2022.05,2022.06,2022.07,2022.08,2022.09,2022.10,2022.11,2022.12,2023.01,2023.02,2023.03,2023.04,2023.05,2023.06,2023.07,2023.08,2023.09,2023.10,2023.11,2023.12,2024.01,2024.02,2024.03,2024.04,2024.05,2024.06,2024.07,2024.08,2024.09,2024.10,2024.11,2024.12,2025.01,2025.02,2025.03,2025.04,2025.05,2025.06,2025.07,2025.08,2025.09,2025.10,2025.11,2025.12,2026.01,2026.02,2026.03
"啗","啗",3.7,4.9,4.1,4.2,3.6,3.8,3.4,3.6,3.3,3.2,3.1,3.3,3.7,4.6,4.5,4.1,4.0,3.7,3.7,4.0,3.6,3.5,3.2,3.4,4.5,4.7,4.3,4.4,4.0,4.0,3.9,3.0,3.1,3.0,3.1,3.4,4.1,4.1,4.2,4.2,4.5,4.3,4.0,3.1,3.6,3.7,3.4,4.1,5.7,4.9,4.3,4.0,4.0,3.8,3.2,2.6,2.7,2.8,2.6,3.5,4.1,3.4,3.0,3.0,3.0,3.0,2.9,2.1,2.4,2.4,2.3,3.0,3.6,3.1,2.9,2.8,2.7,2.7,2.7,2.0,2.3,2.1,2.3,3.3,3.7,3.2,3.0,3.0,3.0,2.9,2.5,1.9,2.1,2.3,2.2,3.8,3.7,3.2,3.1,2.9,2.8,2.8,2.4,2.0,2.1,2.2,2.2,4.1,4.1,3.4,3.0
"啗","15 - 29撮",8.6,12.3,11.3,11.2,9.2,10.4,9.3,9.4,9.2,8.6,9.2,9.2,8.7,9.8,11.6,10.7,10.5,9.0,9.3,10.0,8.8,8.4,7.9,8.6,8.9,9.5,10.8,11.5,9.9,10.4,9.8,7.2,7.3,7.2,7.0,7.3,7.7,9.0,9.9,9.3,10.2,10.7,9.7,7.7,8.9,8.3,8.1,8.1,9.5,10.1,10.0,10.0,9.3,8.9,7.2,5.8,5.4,5.6,5.5,5.7,6.0,6.9,7.2,7.4,7.2,6.9,6.8,5.4,6.1,5.6,5.7,5.2,5.9,7.0,7.1,6.4,5.8,6.3,6.0,4.5,5.2,5.1,5.3,5.5,6.0,6.5,6.5,6.8,6.7,6.2,5.5,4.1,5.1,5.5,5.5,5.9,6.0,7.0,7.5,7.3,6.6,6.1,5.5,4.9,4.8,5.3,5.5,6.2,6.8,7.7,7.6
"啗","15 - 19撮",9.9,10.0,11.3,10.0,5.8,9.2,10.3,9.8,6.3,6.3,5.7,7.1,11.1,11.7,11.6,10.3,9.0,6.8,10.7,11.4,5.9,5.8,4.7,9.2,11.9,12.7,10.2,8.6,7.1,8.2,12.0,7.5,5.9,4.9,4.6,6.9,10.6,8.9,13.5,12.7,7.5,5.3,9.7,8.0,9.2,6.3,5.9,6.9,13.8,12.1,11.5,9.3,8.9,9.5,9.1,5.9,6.6,4.5,6.0,7.0,11.1,9.9,10.1,8.0,5.3,3.7,9.3,4.0,3.4,2.7,1.8,5.4,9.1,7.3,5.0,3.9,3.4,5.8,4.8,4.2,3.8,7.2,3.9,6.5,8.0,11.1,10.4,8.6,7.5,7.8,7.7,6.1,4.2,4.8,2.8,5.3,5.5,5.9,7.7,5.9,3.8,9.0,4.2,3.1,2.0,4.7,4.9,6.3,9.3,11.3,6.9
"啗","20 - 29撮",8.5,12.4,11.3,11.3,9.5,10.5,9.2,9.4,9.3,8.7,9.4,9.3,8.6,9.6,11.6,10.7,10.6,9.1,9.2,9.9,9.0,8.5,8.1,8.6,8.7,9.3,10.9,11.7,10.1,10.5,9.7,7.1,7.4,7.3,7.1,7.3,7.5,9.0,9.7,9.1,10.3,11.0,9.7,7.7,8.9,8.4,8.2,8.2,9.3,10.0,10.0,10.0,9.3,8.8,7.1,5.8,5.3,5.7,5.5,5.7,5.7,6.7,7.0,7.4,7.3,7.0,6.6,5.4,6.2,5.7,5.9,5.2,5.8,7.0,7.2,6.5,5.9,6.3,6.1,4.5,5.3,5.0,5.3,5.5,5.9,6.3,6.4,6.8,6.7,6.1,5.5,4.0,5.1,5.6,5.6,5.9,6.0,7.1,7.5,7.3,6.7,6.0,5.5,5.0,4.9,5.4,5.5,6.2,6.7,7.6,7.6
"啗","30 - 39撮",3.3,3.7,3.8,4.0,3.1,3.2,2.9,3.3,2.8,3.0,2.9,3.0,3.1,3.2,3.7,3.7,3.7,3.5,3.5,3.7,3.6,3.3,2.9,2.8,3.0,3.5,3.7,4.0,3.7,3.7,3.7,3.0,2.8,3.0,2.9,2.7,2.9,3.3,3.3,3.5,3.9,3.7,3.4,2.9,3.6,4.0,3.7,3.8,4.3,4.0,4.1,3.6,3.3,3.0,3.0,2.8,2.5,3.0,2.8,2.6,2.6,2.6,2.6,3.0,3.2,3.1,3.0,2.6,2.6,2.7,2.5,2.3,2.6,2.7,3.0,3.0,2.6,2.7,2.7,2.3,2.4,2.3,2.5,2.6,2.8,3.1,3.2,2.8,2.9,3.1,2.8,2.4,2.2,2.3,2.2,2.2,2.6,2.8,2.9,2.8,2.6,2.8,2.5,2.5,2.6,2.7,2.9,3.0,3.0,3.6,3.3
"啗","40 - 49撮",2.1,2.6,2.5,2.7,2.3,2.1,1.9,2.1,1.9,1.8,1.8,1.8,2.2,2.6,2.8,2.7,2.4,2.3,2.5,2.7,2.4,2.4,2.2,2.3,2.6,2.8,2.5,2.5,2.4,2.4,2.3,1.9,2.2,1.9,2.1,1.9,2.0,2.4,2.7,2.8,2.9,2.8,2.7,2.1,2.4,2.6,2.3,2.4,2.8,2.7,2.7,2.6,2.9,2.6,2.2,1.8,1.9,2.1,2.0,1.9,2.3,2.2,2.1,2.1,2.1,2.3,2.1,1.6,1.8,1.8,1.8,1.9,2.2,2.2,2.1,2.0,2.0,2.1,2.0,1.5,1.7,1.5,1.8,1.7,2.2,2.1,2.2,2.2,2.2,2.4,1.8,1.3,1.5,1.7,1.7,1.8,2.0,2.3,2.2,2.1,2.3,2.0,2.0,1.7,1.7,1.7,1.8,1.9,1.8,1.9,1.8
"啗","50 - 59撮",2.2,2.3,2.1,2.3,2.3,2.5,2.2,2.4,2.3,2.0,1.6,1.9,2.2,2.5,2.8,2.6,2.6,2.6,2.4,2.9,2.4,2.4,2.2,2.4,2.9,3.2,3.0,2.9,2.6,2.4,2.5,2.3,2.3,2.2,2.2,2.2,2.8,2.9,3.2,3.6,3.7,3.3,3.2,2.2,2.4,2.6,2.4,2.7,3.6,3.8,3.1,2.7,2.9,2.9,2.4,1.9,2.2,2.1,1.9,1.8,2.2,2.0,1.7,1.7,1.7,2.0,1.7,1.3,1.5,1.5,1.4,1.4,1.9,2.0,1.7,1.8,1.8,1.7,2.0,1.2,1.5,1.4,1.7,1.6,1.9,1.9,2.2,2.2,2.0,1.8,1.5,1.2,1.4,1.7,1.6,1.8,1.8,1.9,2.1,2.1,2.1,2.1,1.8,1.4,1.6,1.5,1.4,1.6,1.7,1.9,2.0
"啗","60撮檜鼻",4.7,7.0,2.7,2.4,2.3,2.3,2.4,2.3,2.0,2.3,1.9,2.5,4.6,8.0,3.8,2.7,2.4,2.4,2.2,2.3,2.5,2.3,2.3,2.6,7.4,6.8,3.2,3.0,3.2,3.0,2.6,2.0,2.3,2.2,2.1,4.2,7.1,4.8,4.1,3.7,3.7,3.1,2.8,2.0,2.3,2.4,2.2,5.3,10.8,5.8,3.5,3.2,3.3,3.1,2.6,1.9,2.2,2.0,1.6,6.4,8.4,4.3,3.0,2.1,2.2,2.2,1.9,1.0,1.4,1.5,1.3,5.2,6.4,3.0,2.0,1.9,2.1,2.2,2.2,1.3,1.6,1.5,1.4,5.7,6.6,3.4,2.4,2.4,2.4,2.3,2.1,1.5,1.6,1.6,1.5,8.0,7.0,3.6,2.6,1.9,2.2,2.2,1.7,1.0,1.2,1.4,1.2,8.4,8.3,3.7,2.3
"啗","15 - 64撮",3.6,4.5,4.2,4.4,3.7,3.9,3.6,3.7,3.5,3.3,3.3,3.4,3.6,4.0,4.6,4.3,4.2,3.9,3.9,4.3,3.8,3.6,3.4,3.5,4.0,4.3,4.4,4.6,4.2,4.2,4.1,3.2,3.3,3.2,3.2,3.2,3.5,4.0,4.2,4.3,4.7,4.5,4.2,3.3,3.8,3.9,3.7,3.8,4.7,4.7,4.5,4.2,4.2,4.0,3.4,2.8,2.8,2.9,2.7,2.8,3.1,3.2,3.1,3.2,3.2,3.2,3.0,2.3,2.6,2.6,2.5,2.4,2.9,3.1,3.0,2.9,2.8,2.9,2.9,2.1,2.4,2.3,2.5,2.6,2.9,3.1,3.2,3.2,3.2,3.1,2.7,2.1,2.3,2.5,2.4,2.6,2.8,3.1,3.3,3.1,3.0,3.0,2.6,2.2,2.4,2.4,2.5,2.8,3.0,3.3,3.1
"啗","15 - 24撮",9.0,13.4,12.4,12.2,10.2,11.1,9.4,9.4,9.1,8.9,8.8,9.5,9.6,12.1,13.3,10.9,10.9,9.9,10.8,11.5,9.7,8.9,8.5,9.7,10.4,11.7,12.9,13.2,11.2,12.2,11.6,8.1,8.2,8.0,8.2,9.2,9.5,11.3,12.4,12.4,11.8,11.6,10.6,8.5,10.1,9.0,9.0,9.9,12.1,11.6,11.4,10.8,9.3,9.2,7.1,6.0,5.1,6.7,6.1,6.8,8.3,8.6,9.2,8.1,8.3,7.6,7.0,5.0,6.0,5.4,5.4,5.1,6.5,7.6,8.0,5.9,5.3,5.8,5.9,3.3,5.4,4.7,5.4,5.3,6.9,7.7,8.5,8.8,6.8,6.3,5.7,4.4,4.3,5.4,5.6,6.1,6.1,8.5,9.0,7.7,7.3,7.1,5.6,5.1,4.5,5.3,4.8,6.1,6.9,9.2,9.0
"陴濠","啗",3.7,4.7,4.1,4.3,3.7,3.9,3.6,3.8,3.6,3.4,3.3,3.5,3.7,4.3,4.6,4.2,4.2,3.8,3.8,4.2,3.8,3.6,3.4,3.7,4.4,4.5,4.4,4.6,4.3,4.2,3.9,3.2,3.4,3.2,3.3,3.3,3.9,4.0,4.2,4.2,4.6,4.3,4.0,3.0,3.7,3.8,3.4,3.7,5.0,4.7,4.2,4.0,4.0,3.8,3.3,2.7,2.8,2.8,2.6,3.1,3.5,3.2,2.9,2.8,2.9,2.9,2.9,2.1,2.4,2.4,2.3,2.7,3.2,2.9,2.9,2.8,2.7,2.7,2.8,1.9,2.3,2.3,2.4,2.9,3.4,3.1,3.1,3.1,3.1,3.0,2.5,2.0,2.1,2.4,2.2,3.1,3.3,3.2,3.2,3.1,3.0,3.0,2.6,2.1,2.4,2.5,2.4,3.4,3.6,3.4,3.0
"陴濠","15 - 29撮",9.9,13.5,12.6,13.0,11.1,11.9,11.1,11.2,11.4,10.3,10.7,10.4,9.2,10.0,12.7,11.8,11.6,10.3,10.2,11.5,9.5,9.1,8.6,10.1,10.4,10.4,12.4,12.9,10.7,11.1,9.7,7.8,8.0,7.4,7.7,8.0,8.4,9.6,10.8,10.1,11.4,11.9,10.6,8.7,10.3,9.3,8.6,8.9,10.2,10.8,11.5,11.5,11.1,9.9,8.2,6.6,6.3,6.4,6.1,6.1,6.2,7.5,7.8,8.2,7.7,6.8,7.8,5.8,6.6,5.7,5.9,5.9,5.9,7.9,8.5,7.7,6.7,6.9,6.7,4.7,5.6,5.8,6.0,6.6,6.9,6.7,7.1,7.2,7.5,6.7,6.1,4.0,4.6,5.5,5.5,5.8,5.8,6.8,7.0,7.9,7.2,7.2,6.3,5.5,6.1,6.5,6.1,6.6,7.3,8.5,8.3
"陴濠","15 - 19撮",12.1,6.1,9.3,10.1,8.4,11.3,11.4,13.7,8.6,7.7,7.6,10.1,13.1,13.0,14.0,11.2,10.3,5.5,8.5,11.6,9.2,8.7,4.9,12.7,14.5,16.0,13.0,12.0,9.7,11.7,12.7,10.6,5.5,6.1,5.9,7.6,11.3,12.0,13.9,17.4,10.9,5.1,12.2,10.3,14.2,8.5,5.5,6.0,13.7,10.5,11.4,11.5,10.1,10.7,11.9,8.5,10.1,1.9,4.1,8.7,10.3,5.4,7.7,6.8,6.4,3.4,13.5,7.8,2.4,0.9,1.8,9.9,10.5,9.0,7.7,4.2,4.5,6.2,5.5,4.5,3.3,7.8,6.5,8.0,9.6,11.9,13.5,13.3,11.6,11.0,10.5,8.6,0.9,8.1,2.7,9.8,3.8,5.8,7.4,5.4,4.8,10.2,4.8,2.7,3.5,9.0,4.2,5.5,9.4,14.4,7.3
"陴濠","20 - 29撮",9.7,14.0,12.8,13.2,11.3,11.9,11.0,11.1,11.6,10.4,10.9,10.4,9.0,9.8,12.7,11.8,11.7,10.6,10.3,11.5,9.5,9.1,8.7,10.0,10.2,10.1,12.3,12.9,10.8,11.1,9.6,7.7,8.1,7.5,7.7,8.1,8.2,9.5,10.7,9.9,11.4,12.1,10.5,8.6,10.1,9.3,8.7,9.0,10.0,10.8,11.5,11.5,11.1,9.9,8.0,6.5,6.2,6.5,6.2,6.0,6.0,7.5,7.8,8.3,7.8,7.0,7.5,5.7,6.7,5.9,6.0,5.7,5.7,7.9,8.6,7.8,6.8,6.9,6.7,4.8,5.7,5.8,6.0,6.6,6.8,6.6,6.9,7.0,7.4,6.5,5.9,3.8,4.8,5.4,5.6,5.7,5.9,6.8,7.0,8.0,7.2,7.0,6.3,5.6,6.2,6.4,6.2,6.6,7.2,8.3,8.3
"陴濠","30 - 39撮",3.1,3.4,3.5,3.9,3.0,3.4,2.9,3.5,3.0,3.2,3.0,3.1,3.0,3.1,3.9,3.9,4.0,3.2,3.4,3.8,3.7,3.4,3.1,2.8,2.8,3.3,3.3,4.0,3.8,3.7,3.8,3.2,3.1,3.3,3.1,2.4,2.4,3.1,3.0,3.4,3.8,3.5,3.0,2.6,3.6,3.9,3.3,3.1,4.0,3.6,3.6,3.0,2.9,2.6,2.9,2.6,2.3,2.9,2.6,2.6,2.4,2.3,2.2,2.3,2.6,2.7,2.9,2.5,2.6,2.6,2.2,2.2,2.5,2.4,2.9,2.8,2.5,2.3,2.5,2.1,2.3,2.4,2.4,2.5,2.6,3.0,3.4,2.7,2.8,2.9,2.8,2.5,2.4,2.7,2.4,2.3,2.8,2.9,3.2,3.2,3.1,3.0,2.6,2.6,3.0,2.9,3.2,3.0,2.5,3.3,2.8
"陴濠","40 - 49撮",1.9,2.4,2.3,2.4,2.1,2.1,1.9,1.9,1.8,1.6,1.6,1.8,2.1,2.5,2.6,2.5,2.3,2.4,2.7,2.9,2.4,2.3,2.2,2.3,2.6,2.7,2.6,2.8,2.6,2.5,2.4,1.7,2.1,1.9,2.3,2.0,2.0,2.3,2.6,2.8,2.8,2.7,2.8,2.0,2.4,2.7,2.4,2.4,2.9,2.6,2.3,2.3,2.6,2.4,2.3,1.8,1.9,2.0,2.0,1.9,1.8,1.9,1.6,1.7,1.8,2.0,1.8,1.1,1.3,1.7,1.5,1.8,2.1,1.9,1.9,1.8,1.9,1.8,2.0,1.6,1.7,1.6,2.0,1.9,2.1,1.9,2.2,2.2,2.4,2.4,1.6,1.2,1.4,1.6,1.4,1.4,1.6,1.8,2.0,2.0,2.1,1.8,1.9,1.5,1.6,1.6,1.7,1.8,1.7,2.0,1.9
"陴濠","50 - 59撮",2.4,2.5,2.3,2.6,2.4,2.4,2.2,2.3,2.4,2.0,1.7,2.1,2.5,2.9,3.2,2.9,2.8,2.8,2.5,2.9,2.5,2.4,2.3,2.6,3.3,3.3,3.2,3.2,2.9,2.7,2.9,2.7,2.6,2.4,2.5,2.2,2.9,3.1,3.4,3.6,3.7,3.1,3.0,1.9,2.4,2.5,2.3,2.6,3.2,3.5,2.9,2.7,2.6,2.6,2.4,2.1,2.4,2.2,2.0,2.0,2.3,2.1,1.8,1.7,1.8,2.2,1.8,1.5,1.6,1.7,1.6,1.4,1.9,1.7,1.5,1.7,1.8,1.6,1.8,1.2,1.4,1.4,1.6,1.6,2.0,2.0,2.3,2.5,2.2,1.9,1.5,1.3,1.4,1.9,1.5,1.9,1.8,2.1,2.3,2.4,2.3,2.1,2.0,1.4,1.7,1.8,1.5,1.7,1.7,1.9,2.0
"陴濠","60撮檜鼻",4.7,6.2,3.2,3.0,2.9,2.9,2.8,3.2,2.8,3.1,2.8,3.2,4.6,6.6,4.4,3.4,3.1,2.8,2.7,2.7,3.2,3.1,3.2,3.5,6.0,6.0,3.8,3.5,4.1,3.7,3.2,2.5,3.1,3.0,2.9,4.3,6.5,4.7,4.0,4.0,4.3,3.6,3.4,2.4,2.5,2.8,2.5,4.4,7.8,5.8,4.1,3.8,3.9,3.9,3.0,2.2,2.5,2.4,1.8,4.2,6.3,4.2,3.4,2.5,2.7,2.5,2.2,1.2,1.7,1.9,1.8,3.7,5.0,2.9,2.3,2.4,2.4,2.8,2.7,1.5,1.9,2.0,1.7,3.8,4.9,3.5,2.6,2.8,2.9,2.7,2.5,1.8,2.0,2.0,1.9,5.4,5.6,4.0,3.2,2.3,2.6,2.8,2.3,1.3,1.7,1.7,1.5,5.4,6.4,4.1,2.6
"陴濠","15 - 64撮",3.7,4.4,4.1,4.4,3.8,4.0,3.7,3.9,3.8,3.5,3.4,3.6,3.6,4.0,4.7,4.4,4.3,3.9,4.0,4.4,3.9,3.7,3.5,3.8,4.2,4.4,4.6,4.8,4.4,4.3,4.1,3.4,3.5,3.4,3.4,3.3,3.5,3.9,4.2,4.3,4.7,4.5,4.1,3.1,3.9,3.9,3.5,3.7,4.5,4.6,4.3,4.1,4.1,3.8,3.5,2.9,2.9,2.9,2.7,2.8,2.9,3.0,3.0,2.9,3.0,3.0,3.0,2.2,2.5,2.5,2.4,2.4,2.8,2.9,3.0,2.9,2.8,2.7,2.8,2.0,2.4,2.4,2.5,2.6,2.9,3.0,3.2,3.2,3.3,3.1,2.7,2.0,2.2,2.6,2.3,2.6,2.7,3.0,3.2,3.3,3.2,3.1,2.8,2.3,2.7,2.7,2.6,2.8,2.9,3.4,3.1
"陴濠","15 - 24撮",9.0,12.3,12.6,13.2,11.0,11.2,10.1,9.9,11.7,11.0,10.8,11.8,10.7,12.5,14.1,10.0,9.9,10.1,10.9,13.0,10.1,10.2,9.3,11.9,11.9,12.8,14.7,15.0,11.4,13.6,10.5,8.6,8.2,7.7,8.9,9.6,10.0,11.6,12.7,12.5,12.8,11.4,10.9,9.2,11.9,10.0,9.3,10.5,12.8,11.3,12.2,12.4,11.4,10.7,8.0,6.8,6.3,7.9,6.7,8.0,8.8,8.7,9.3,8.9,8.1,7.0,8.3,5.3,6.9,5.2,6.9,7.2,7.1,8.2,9.8,7.7,5.4,5.8,6.1,3.4,5.7,5.2,5.7,5.9,7.1,6.9,7.9,8.1,6.6,5.7,5.3,4.1,2.7,6.0,5.7,6.5,6.2,9.0,9.6,9.6,8.5,8.3,5.6,4.5,5.7,6.6,4.7,6.3,8.4,11.0,8.8
"罹濠","啗",3.8,5.2,4.2,4.0,3.4,3.6,3.2,3.3,2.9,2.9,2.9,3.0,3.8,5.0,4.4,4.0,3.7,3.6,3.6,3.8,3.5,3.3,3.0,3.1,4.5,5.0,4.1,4.1,3.7,3.7,3.7,2.8,2.8,2.8,2.7,3.4,4.4,4.2,4.4,4.2,4.5,4.4,4.1,3.2,3.4,3.5,3.5,4.6,6.7,5.2,4.4,4.1,4.0,3.9,3.1,2.5,2.5,2.7,2.6,4.0,4.9,3.6,3.2,3.2,3.2,3.2,2.8,2.2,2.5,2.4,2.3,3.5,4.1,3.4,2.9,2.7,2.6,2.8,2.7,2.0,2.2,1.9,2.2,3.7,4.2,3.3,2.9,2.9,2.7,2.8,2.4,1.9,2.1,2.1,2.2,4.7,4.3,3.3,3.1,2.6,2.6,2.5,2.2,1.9,1.8,1.9,2.0,5.1,4.9,3.3,3.0
"罹濠","15 - 29撮",7.4,11.1,10.0,9.5,7.5,9.1,7.5,7.7,7.0,7.0,7.7,8.0,8.2,9.6,10.6,9.6,9.5,7.8,8.4,8.5,8.2,7.8,7.4,7.2,7.4,8.6,9.3,10.2,9.2,9.6,9.9,6.5,6.7,6.9,6.3,6.5,7.0,8.4,8.9,8.4,9.0,9.7,8.7,6.7,7.5,7.4,7.6,7.4,8.8,9.4,8.7,8.5,7.7,7.9,6.2,5.1,4.5,4.9,5.0,5.4,5.8,6.4,6.7,6.7,6.8,6.9,5.8,5.0,5.7,5.6,5.6,4.6,5.9,6.2,5.8,5.3,5.0,5.8,5.4,4.3,4.9,4.5,4.6,4.5,5.3,6.3,6.0,6.5,6.0,5.8,5.1,4.2,5.5,5.6,5.5,5.9,6.2,7.3,7.9,6.7,6.2,5.2,4.7,4.3,3.6,4.3,4.8,5.8,6.3,7.0,6.9
"罹濠","15 - 19撮",7.9,13.2,13.0,9.9,3.3,7.3,9.5,6.7,4.2,5.1,4.0,4.7,9.4,10.7,9.9,9.6,7.9,7.8,12.7,11.3,3.1,3.5,4.5,6.4,9.4,9.8,7.5,5.1,4.1,4.9,11.5,5.2,6.2,3.8,3.6,6.3,10.0,6.5,13.1,8.5,4.4,5.5,7.5,6.0,4.6,4.4,6.2,7.7,13.9,13.4,11.5,7.4,7.8,8.5,6.8,4.0,4.2,6.1,7.1,6.0,11.5,12.5,11.8,8.8,4.3,3.9,6.1,1.1,4.2,4.1,1.8,2.2,8.0,6.1,2.7,3.8,2.6,5.5,4.2,4.1,4.2,6.7,2.5,5.6,7.0,10.7,8.3,5.4,4.5,5.1,5.8,4.2,6.3,3.1,2.9,2.8,6.5,5.8,7.9,6.2,3.0,8.1,3.7,3.3,0.9,1.7,5.4,6.8,9.2,9.3,6.6
"罹濠","20 - 29撮",7.4,10.9,9.8,9.4,7.8,9.2,7.4,7.8,7.2,7.1,7.9,8.2,8.1,9.5,10.6,9.7,9.6,7.8,8.2,8.4,8.4,8.0,7.5,7.2,7.3,8.6,9.4,10.4,9.5,9.9,9.8,6.6,6.7,7.1,6.5,6.5,6.8,8.5,8.7,8.4,9.2,9.9,8.8,6.7,7.6,7.5,7.7,7.4,8.5,9.2,8.5,8.5,7.7,7.9,6.2,5.1,4.5,4.9,4.8,5.4,5.4,6.0,6.4,6.6,6.9,7.1,5.8,5.2,5.8,5.6,5.8,4.8,5.8,6.2,6.0,5.3,5.1,5.8,5.4,4.3,4.9,4.4,4.6,4.5,5.2,6.1,5.9,6.5,6.0,5.8,5.0,4.2,5.5,5.7,5.6,6.0,6.1,7.3,7.9,6.7,6.3,5.1,4.8,4.4,3.7,4.4,4.8,5.7,6.2,6.9,6.9
"罹濠","30 - 39撮",3.6,4.2,4.3,4.0,3.4,3.0,3.0,2.8,2.5,2.7,2.7,2.8,3.1,3.3,3.4,3.5,3.2,3.8,3.6,3.7,3.3,3.0,2.8,2.7,3.2,3.7,4.3,4.0,3.6,3.7,3.6,2.8,2.4,2.6,2.7,3.2,3.6,3.6,3.8,3.7,4.1,4.0,4.0,3.3,3.6,4.1,4.4,4.7,4.7,4.5,4.8,4.5,4.0,3.6,3.1,3.3,2.8,3.2,3.1,2.6,2.8,3.1,3.3,4.1,4.2,3.6,3.3,2.7,2.5,2.9,2.8,2.3,2.6,3.1,3.1,3.3,2.8,3.3,2.9,2.5,2.4,2.2,2.7,2.7,3.1,3.3,3.0,3.0,3.0,3.4,2.8,2.4,1.9,1.7,2.1,1.9,2.3,2.6,2.5,2.3,1.8,2.6,2.4,2.3,2.1,2.4,2.4,3.0,3.6,3.9,3.9
"罹濠","40 - 49撮",2.3,2.7,2.9,3.1,2.5,2.1,2.0,2.3,2.1,2.1,2.0,1.7,2.4,2.7,3.0,3.1,2.4,2.3,2.3,2.5,2.5,2.4,2.1,2.2,2.5,3.0,2.2,2.2,2.2,2.1,2.1,2.2,2.3,1.9,1.9,1.8,2.0,2.5,2.8,2.8,3.1,3.0,2.7,2.3,2.5,2.4,2.1,2.3,2.8,2.8,3.3,3.1,3.2,2.9,2.2,1.7,1.9,2.2,2.2,2.0,2.9,2.7,2.7,2.7,2.6,2.6,2.6,2.2,2.4,2.0,2.1,2.0,2.3,2.6,2.5,2.3,2.2,2.4,2.0,1.4,1.8,1.2,1.6,1.4,2.2,2.4,2.3,2.2,2.1,2.4,2.1,1.4,1.6,1.9,2.0,2.3,2.6,2.8,2.5,2.3,2.5,2.2,2.1,1.9,1.9,1.8,1.9,2.1,1.9,1.8,1.6
"罹濠","50 - 59撮",1.9,1.9,1.8,2.0,2.1,2.5,2.2,2.5,2.1,1.9,1.5,1.6,1.7,2.0,2.3,2.2,2.3,2.4,2.3,3.0,2.3,2.4,2.0,2.1,2.3,3.0,2.8,2.6,2.2,2.0,2.0,1.7,1.9,1.9,1.9,2.1,2.7,2.7,3.0,3.6,3.8,3.5,3.5,2.6,2.4,2.6,2.6,2.8,4.1,4.1,3.3,2.6,3.2,3.3,2.3,1.6,2.0,2.0,1.7,1.4,2.1,1.8,1.6,1.7,1.6,1.7,1.6,0.9,1.3,1.2,1.2,1.5,2.0,2.5,2.1,2.0,1.9,1.8,2.2,1.3,1.6,1.5,1.8,1.7,1.7,1.9,2.2,1.8,1.8,1.6,1.4,1.1,1.4,1.4,1.6,1.5,1.7,1.8,1.9,1.7,1.9,1.9,1.7,1.4,1.4,1.2,1.2,1.6,1.8,1.9,2.1
"罹濠","60撮檜鼻",4.8,8.2,2.2,1.6,1.6,1.5,1.8,1.2,1.0,1.2,0.9,1.5,4.7,9.9,2.9,1.9,1.6,1.9,1.4,1.7,1.5,1.2,1.2,1.3,9.4,7.9,2.3,2.3,2.1,2.1,1.9,1.4,1.2,1.2,1.2,4.1,7.9,4.8,4.3,3.2,3.0,2.5,2.2,1.6,1.9,1.8,1.8,6.6,14.8,5.9,2.8,2.4,2.5,2.1,2.1,1.5,1.8,1.6,1.5,9.2,11.4,4.5,2.4,1.7,1.6,1.7,1.5,0.8,1.1,0.9,0.7,7.3,8.3,3.1,1.5,1.3,1.7,1.4,1.6,1.1,1.2,1.0,1.0,8.1,8.9,3.3,2.1,1.9,1.8,1.8,1.7,1.1,1.1,1.0,1.0,11.3,8.8,3.1,1.8,1.4,1.7,1.6,1.1,0.6,0.7,1.0,0.9,12.0,10.5,3.2,2.0
"罹濠","15 - 64撮",3.5,4.6,4.4,4.3,3.6,3.8,3.4,3.5,3.1,3.1,3.1,3.2,3.6,4.1,4.5,4.2,4.0,3.8,3.8,4.1,3.7,3.6,3.2,3.2,3.7,4.3,4.3,4.3,4.0,3.9,4.0,3.0,3.0,3.0,2.9,3.1,3.5,4.0,4.3,4.2,4.6,4.6,4.4,3.5,3.7,3.9,3.8,4.0,4.9,4.9,4.7,4.4,4.3,4.2,3.3,2.7,2.7,2.9,2.8,2.8,3.3,3.3,3.3,3.5,3.5,3.4,3.0,2.4,2.7,2.6,2.6,2.4,3.0,3.4,3.1,2.9,2.8,3.0,2.9,2.2,2.5,2.2,2.4,2.5,3.0,3.3,3.1,3.2,3.0,3.0,2.7,2.1,2.4,2.4,2.5,2.7,3.0,3.3,3.4,2.9,2.8,2.7,2.4,2.1,2.0,2.1,2.3,2.8,3.2,3.3,3.2
"罹濠","15 - 24撮",9.0,14.1,12.3,11.5,9.7,11.0,9.0,9.0,7.3,7.4,7.5,7.9,8.9,11.8,12.8,11.5,11.5,9.8,10.8,10.4,9.4,8.1,8.0,8.2,9.3,10.9,11.6,11.9,11.0,11.1,12.3,7.7,8.2,8.2,7.7,8.9,9.0,11.0,12.1,12.3,11.2,11.7,10.4,8.1,8.9,8.3,8.8,9.5,11.6,11.8,10.9,9.7,7.7,8.1,6.5,5.4,4.2,5.9,5.8,5.9,8.0,8.6,9.1,7.5,8.5,8.1,6.1,4.7,5.4,5.6,4.5,3.7,6.1,7.1,6.7,4.7,5.1,5.9,5.7,3.2,5.2,4.4,5.2,4.9,6.7,8.2,8.9,9.4,7.0,6.7,6.0,4.7,5.3,4.9,5.6,5.8,6.0,8.1,8.7,6.4,6.4,6.3,5.6,5.5,3.6,4.3,4.8,5.9,5.9,8.0,9.2
